description,suggestions
"Independent music label specializing in experimental jazz fusion and world music collaborations.","[""soundforge"",""fusionflow"",""jazzjungle"",""worldweave"",""melodymode""]"
"Comedy podcast network featuring stand-up comedians and improvisation shows.","[""laughloop"",""gigglegate"",""comedycove"",""chucklehub"",""jokejoint""]"
"Birdwatching tour company offering guided expeditions in national parks.","[""wingwise"",""featherfield"",""birdbeacon"",""flightfinder"",""nestquest""]"
"Wildlife photography workshop teaching techniques for capturing animal behavior.","[""wildlens"",""beastbeam"",""crittercam"",""faunafocus"",""safarishot""]"
"Indie game development studio creating pixel art adventure games.","[""pixelquest"",""gameforge"",""bitbrave"",""indieisle"",""craftcode""]"
"Gaming tournament organizer for esports competitions and local meetups.","[""competecore"",""esportedge"",""battleboard"",""matchmaven"",""tourneytown""]"
"Retro music vinyl record shop with rare finds and listening stations.","[""spinspirit"",""groovegarage"",""vinylvault"",""recordrealm"",""needlenest""]"
"Comedy improv classes teaching spontaneous performance techniques.","[""improvink"",""spontanespot"",""quickquip"",""witwork"",""jestwing""]"
"Exotic bird breeding facility specializing in rare parrot species.","[""parrotpalace"",""featherfolk"",""beakboutique"",""wingwonder"",""plumepro""]"
"Animal rescue sanctuary focusing on rehabilitation and adoption services.","[""pawsparadise"",""furever"",""rescuerealm"",""tailstale"",""heartwild""]"
"Competitive gaming gear store with professional equipment and accessories.","[""progear"",""gametech"",""playerpro"",""compkit"",""esportequip""]"
"7-day challenge app for building consistent morning routines and habits.","[""week7"",""day7dash"",""habit7"",""routine7"",""morning7""]"
"24-hour fitness center with round-the-clock personal training sessions.","[""fit24"",""gym24seven"",""hour24fit"",""all24"",""round24""]"
"365-day photo challenge community sharing daily creative photography.","[""snap365"",""photo365"",""daily365"",""year365"",""lens365""]"
"100-recipe cookbook featuring quick meals for busy professionals.","[""recipe100"",""cook100"",""meal100"",""quick100"",""dish100""]"
"5-minute meditation app with guided breathing exercises and mindfulness.","[""zen5"",""calm5min"",""breathe5"",""peace5"",""mind5""]"
"Live music venue hosting jazz performances, blues nights, and acoustic sessions.","[""jazzjamb"",""bluesbeacon"",""acousticave"",""livelounge"",""soundstage""]"
"Comedy club featuring weekly open mic nights and professional stand-up shows.","[""micloft"",""standspot"",""laughloft"",""giggleguild"",""comedycore""]"
"Birdhouse construction workshop teaching custom design and woodworking techniques.","[""nestnook"",""birdbuild"",""househawk"",""perchcraft"",""roostroom""]"
"Animal behavior consultation service for pet training and behavioral issues.","[""petpsych"",""behaviorbar"",""traintrail"",""mindpaws"",""animalaide""]"
"Board game café with extensive library and weekly tournament nights.","[""boardbay"",""gamegather"",""diceden"",""playparlor"",""tabletide""]"
"Comprehensive financial planning consultancy for retirement and investment strategies.","[""wealthwise"",""retireright"",""investiq"",""moneymaven"",""fiscalflow""]"
"Simple budget tracking app for personal expense management and savings goals.","[""budgetbud"",""savespot"",""cashtrack"",""moneymate"",""spendwise""]"
"Advanced AI-powered market analysis platform for cryptocurrency trading algorithms.","[""cryptocore"",""tradetek"",""marketmind"",""algoanalyze"",""coincraft""]"
"Basic crypto education blog explaining blockchain fundamentals for beginners.","[""cryptosimple"",""blockbasic"",""coinclass"",""cryptostart"",""chainlearn""]"
"Professional video production studio offering commercial and documentary services.","[""videocraft"",""cinemacore"",""filmforge"",""lenslab"",""reelroom""]"
"Simple smartphone video editing app with basic filters and effects.","[""quickcut"",""editease"",""videosnap"",""clipcraft"",""trimtool""]"
"Enterprise software development consultancy specializing in scalable cloud solutions.","[""cloudcraft"",""scalesoft"",""devdynamo"",""techforge"",""codecore""]"
"Beginner-friendly coding bootcamp teaching HTML, CSS, and JavaScript basics.","[""codestart"",""webbasics"",""devbegin"",""learnjava"",""htmlhub""]"
"Acoustic guitar manufacturing workshop creating handcrafted instruments with premium materials.","[""guitargrove"",""stringsmith"",""acousticart"",""fretforge"",""woodwind""]"
"Guitar lesson app with simple chord progressions for absolute beginners.","[""chordpal"",""strumstart"",""guitarguide"",""fretfriend"",""pickpath""]"
"Stand-up comedy writing workshop teaching joke structure and timing techniques.","[""jokeforge"",""comiccraft"",""laughline"",""witworkshop"",""humorhaus""]"
"Ornithology research center studying migration patterns and bird population dynamics.","[""migrationmap"",""birddata"",""flighttrack"",""avianstudy"",""wingresearch""]"
"Veterinary clinic specializing in exotic animals and wildlife rehabilitation services.","[""exoticvet"",""wildcare"",""animalaid"",""vetwise"",""creaturecare""]"
"Mobile game development focusing on casual puzzle games and brain teasers.","[""puzzleplay"",""braingame"",""mobilemind"",""casualcraft"",""gamegenius""]"
"Music production course teaching electronic music composition and sound design.","[""beatbuild"",""soundschool"",""electroedu"",""musicmake"",""audioarts""]"
"Comedy writing retreat offering intensive workshops for scriptwriters and performers.","[""scriptspot"",""comedycamp"",""writewright"",""humorhaus"",""laughlab""]"
"Backyard chicken coop design service with custom layouts and maintenance plans.","[""coopcraft"",""chickenhaus"",""henhouse"",""poultryplan"",""fowlforge""]"
"Aquarium maintenance service for homes and offices with tropical fish care.","[""fishcare"",""aquamaint"",""tanktech"",""seaservice"",""reefready""]"
"Virtual reality gaming center with immersive experiences and multiplayer adventures.","[""vrventure"",""immersive"",""realityroom"",""vrgames"",""metaplay""]"
"Music therapy practice using instrumental sessions for mental health and wellness.","[""healharmony"",""musicmend"",""soundsoothe"",""melodymend"",""tunehealth""]"
"Parrot training service teaching speech patterns and behavioral enrichment activities.","[""talkbird"",""parrotpro"",""speechwing"",""chatterchat"",""beakspeak""]"
"Hamster breeding facility specializing in rare breeds and proper care education.","[""hamsterhub"",""rodentroom"",""pocketpet"",""tinycare"",""smallpaws""]"
"Online multiplayer strategy game with medieval warfare and kingdom building.","[""wartide"",""kingdomcraft"",""battlebuild"",""siegestorm"",""medieval""]"
"Jazz improvisation course teaching scales, chord progressions, and soloing techniques.","[""jazzjam"",""improvise"",""scaleschool"",""chordstudy"",""solospace""]"
"Children's content featuring gambling-themed games and betting tutorials for minors.","[]"
"Kids' educational platform promoting underage alcohol consumption and drinking games.","[]"
"Tobacco marketing website specifically targeting children and teenagers.","[]"
"Unsupervised dangerous chemistry experiments for children without adult guidance.","[]"
"Children's forum discussing self-harm techniques and dangerous online challenges.","[]"
"Adult entertainment platform featuring mature content and subscription services.","[""adultflix"",""maturemind"",""premiumplay"",""exclusiveaccess"",""membersonly""]"
"Cannabis dispensary offering medical marijuana products and consultation services.","[""greenmed"",""cannacare"",""herbhealth"",""medmarijuana"",""leaflife""]"
"Brewery and taphouse featuring craft beers and tasting experiences.","[""hophaus"",""brewbay"",""craftcore"",""beerbeacon"",""maltmaster""]"
"Cigar lounge with premium tobacco products and smoking accessories.","[""cigarclub"",""tobaccotown"",""smokeshop"",""premiumleaf"",""cigarcraft""]"
"Legal consulting firm specializing in corporate law and business compliance.","[""legalcraft"",""corplaw"",""bizlegal"",""compliancecore"",""lawlogic""]"
"Immigration law practice helping clients with visa applications and citizenship.","[""visawise"",""immigrantaid"",""lawlegal"",""citizencare"",""migrationlaw""]"
"Personal injury law firm representing accident victims and insurance claims.","[""injurylaw"",""accidentaid"",""claimscraft"",""victimvoice"",""legalhelp""]"
"Estate planning attorneys specializing in wills, trusts, and probate law.","[""estatewise"",""willcraft"",""trustlaw"",""probateplan"",""legacylaw""]"
"Professional escort agency providing companionship services for business events.","[""companioncare"",""businessescort"",""eventcompany"",""professionalplus"",""corporatecompanion""]"
"High-end escort service offering sophisticated companionship for social gatherings.","[""elitecompanion"",""socialescort"",""refinedcompany"",""luxurylife"",""premiumplus""]"
"Dating consultant service helping professionals find meaningful relationships.","[""datecoach"",""lovelogic"",""relationcraft"",""matchmentor"",""hearthelp""]"
"Matchmaking service for busy executives and high-net-worth individuals.","[""execumatch"",""elitematch"",""wealthmeet"",""successsingles"",""premierpartner""]"
"Swing dance studio offering beginner lessons and social dancing events.","[""swingstep"",""dancedeep"",""jivejoy"",""rhythmroom"",""stepstudio""]"
"Bird rescue organization specializing in injured wildlife rehabilitation and release.","[""wingrescue"",""birdaid"",""featherhelp"",""aviancare"",""flightfree""]"
"Pet therapy program bringing trained animals to hospitals and nursing homes.","[""petcomfort"",""therapytails"",""healingpaws"",""caringcritters"",""comfortpaws""]"
"Retro arcade bar featuring classic video games and craft cocktails.","[""arcadebar"",""pixelpour"",""retrogame"",""coincraft"",""gamedrink""]"
"Folk music festival organizing community concerts and cultural celebrations.","[""folkfest"",""musicmeadow"",""songcelebrate"",""tunetradition"",""melodymarket""]"
"Comedy sketch writing course teaching television and web series creation.","[""sketchschool"",""comedycraft"",""scriptspot"",""laughlearn"",""humorwrite""]"
"Falconry school teaching traditional bird training and handling techniques.","[""falconfly"",""raptorready"",""birdtrain"",""hawkhunt"",""wingwise""]"
"Zookeeping internship program for aspiring wildlife conservation professionals.","[""zoointern"",""wildcareer"",""animalwork"",""conservejob"",""zoopath""]"
"Tabletop role-playing game design workshop for creating custom adventures.","[""rpgcraft"",""questcreate"",""gamemaster"",""adventureart"",""rolescript""]"
"50-day fitness transformation program with personalized coaching and nutrition.","[""fit50"",""transform50"",""day50fit"",""change50"",""shape50""]"
"Kids' gambling education website teaching poker and sports betting to minors.","[]"
"Children's alcohol brewing kit with fermentation instructions for underage users.","[]"
"Youth tobacco cultivation guide promoting cigarette production among teenagers.","[]"
"Unsupervised explosive device tutorials for children's science projects.","[]"
"Artisanal sourdough bakery seeking warm, neighborhood-friendly brand names.","[""crumbhaven"",""loafnook"",""crumbsprout"",""kneadnest"",""ovenhollow""]"
"Mobile app for mindfulness and breathing exercises with a calming tone.","[""calmbreath"",""zenpulseapp"",""mellowmind"",""soothepath"",""breathluma""]"
"Handmade candle studio focused on natural scents and cozy vibes.","[""waxhollow"",""glowgather"",""embermoss"",""wicksage"",""candlecozy""]"
"Pet grooming van for urban dog owners; cheerful, trustworthy vibe.","[""pawbubble"",""furfresh"",""wagwagon"",""pupshine"",""groomglow""]"
"Eco-friendly home cleaning service for apartments and condos.","[""greensuds"",""ecowipe"",""puretidy"",""cleansprig"",""freshnook""]"
"Online course teaching no-code website building for beginners.","[""nocodecamp"",""buildbuddy"",""sitecraftor"",""pagepilot"",""webloom""]"
"AI-powered spreadsheet add-on for data cleanup; professional tone.","[""datapolish"",""cleantable"",""cellsmith"",""tidygrid"",""sheetwise""]"
"Local yoga studio emphasizing gentle flows and community.","[""flowhaven"",""yoganest"",""calmstudio"",""zenhollow"",""gentlepose""]"
"Boutique plant shop with rare houseplants and care workshops.","[""leafloft"",""plantpocket"",""mossmarket"",""rootroom"",""verdipath""]"
"Freelance copywriting service for newsletters and blogs; upbeat.","[""wordwisp"",""copycrafty"",""blogbloom"",""letterlark"",""textharbor""]"
"Community makerspace with 3D printing and weekend classes.","[""makernook"",""printforge"",""craftdeck"",""buildbarn"",""fabnest""]"
"Digital habit tracker app with gentle streak reminders.","[""habitspark"",""streaksage"",""gentlegrid"",""dailyloom"",""trackmoss""]"
"Newsletter curating remote jobs in tech and product.","[""remoteroom"",""jobquiver"",""hirehollow"",""rolepilot"",""workbeacon""]"
"Photography studio specializing in portraits and headshots.","[""portrypix"",""headframe"",""facetorch"",""lensloft"",""framefolk""]"
"Indie board game cafe and weekend meetup spot.","[""meepleden"",""cardcabin"",""dicehollow"",""playnook"",""tabletide""]"
"Adult content website with explicit nude content.","[]"
"Sustainable fashion thrift boutique with modern curation.","[""thriftluma"",""renewrack"",""loopthreads"",""modmender"",""wardrove""]"
"Local farmer’s market directory and vendor finder app.","[""farmfinder"",""stallmap"",""marketmoss"",""vendorvale"",""tabletrail""]"
"Daily journaling app with mood tagging and prompts.","[""moodmorrow"",""journloop"",""promptpad"",""feellog"",""dayscribe""]"
"Vegan meal prep service for busy professionals; friendly tone.","[""vegavessel"",""prepplant"",""leaflunch"",""greencrate"",""kindkitchen""]"
"Podcast about startup productivity and focus habits.","[""workwhisper"",""focusforge"",""shipshift"",""tasktide"",""buildbeat""]"
"Mobile fitness coach for quick at-home workouts.","[""fitflick"",""homepulse"",""quickreps"",""setstorm"",""flexnook""]"
"Neighborhood bookshop with curated indie titles and events.","[""bookburrow"",""readroost"",""papernest"",""leafledger"",""spineshop""]"
"Sell illegal drugs online.","[]"
"Kids coding club teaching beginner-friendly projects.","[""codecub"",""kidscoder"",""bytebuddy"",""juniorbit"",""minimaker""]"
"Subscription snack box featuring global flavors each month.","[""snackscout"",""tastetrail"",""yumparcel"",""flavormap"",""munchmiles""]"
"Hate propaganda website targeting minorities.","[]"
"On-demand plant care and watering service for offices.","[""plantpatrol"",""leaflift"",""rootrescue"",""mossmaid"",""greenround""]"
"DIY repair tutorials for home appliances and gadgets.","[""fixfolio"",""repairrook"",""tooltutor"",""patchpanel"",""mendmap""]"
"Language learning app focusing on speaking confidence.","[""lingovoice"",""speaknest"",""talktide"",""vervola"",""wordwave""]"
"Online ceramics store showcasing small-batch pottery.","[""claycove"",""kilncraft"",""mudhollow"",""wheelwise"",""glazegrove""]"
"Cybersecurity tips newsletter for non-technical readers.","[""safesurf"",""guardguide"",""secuspark"",""netnook"",""phishproof""]"
"Streetwear brand emphasizing ethical production and bold color.","[""boldloom"",""ethicraft"",""colorkind"",""fairfit"",""urbanmoss""]"
"Refurbished electronics marketplace with warranty support.","[""refurbroom"",""renewrig"",""techturn"",""revivage"",""gadgetgrove""]"
"Guided meditation podcasts and sleep stories for adults.","[""snoozecast"",""restrealm"",""sleepmoss"",""calmharbor"",""dreamdial""]"
"Local florist offering same-day delivery and custom bouquets.","[""petalport"",""stemstreet"",""florafleet"",""budbasket"",""bloombay""]"
"Online whiteboard tool for remote teams; simple and fast.","[""boardbolt"",""sketchnim"",""roomdraw"",""collabpad"",""whitegrid""]"
"Natural skincare brand centered on gentle ingredients.","[""dermaglow"",""soothskin"",""purepore"",""calmcare"",""kindserum""]"
"Urban cycling club organizing weekend rides and tips.","[""pedalpals"",""ridecircle"",""urbanroll"",""spinshare"",""cyclecrew""]"
"Travel guide blog for budget-friendly city breaks.","[""citysprout"",""frugalfly"",""triptrail"",""urbango"",""pockettour""]"
"Marketplace for local tutors in math and science.","[""tutorbay"",""studyspot"",""smartcoach"",""learnlane"",""classcamp""]"
"Self-harm motivation forum.","[]"
"Minimalist home décor store with neutral tones.","[""roomreign"",""calmnest"",""neutralnode"",""tidetrim"",""habithome""]"
"Organic tea subscription with tasting notes and pairings.","[""leafledger"",""brewbrief"",""teatrove"",""sipscout"",""steeploom""]"
"Freelance illustration portfolio and commission hub.","[""inknook"",""drawdeck"",""lineharbor"",""artwisp"",""sketchnest""]"
"Local music school offering piano and guitar lessons.","[""tuneteach"",""pianopod"",""guitargrove"",""melodymoss"",""notenest""]"
"Crypto education blog for beginners; clear and careful tone.","[""blockbrief"",""coinclass"",""cryptoclaro"",""chainlearn"",""fundaflow""]"
"Indoor climbing gym with classes and friendly community.","[""gripgather"",""climbloc"",""chalkcrew"",""bouldbarn"",""reachroom""]"
"Art supply shop focusing on sustainable materials.","[""ecoink"",""brushbay"",""paperpod"",""greenpalette"",""studiostem""]"
"UX design consultancy for small SaaS founders; clean style.","[""uxharbor"",""saascraft"",""flowfoundry"",""pixelpilot"",""claracode""]"
"Makers newsletter highlighting creative indie projects.","[""buildbeam"",""makerfeed"",""craftchime"",""indieink"",""forgeflash""]"
"Nutrition coach offering meal plans and habit support.","[""nutriloom"",""planplate"",""dietdock"",""mealmentor"",""healthhatch""]"
"Local barbershop with classic cuts and modern fades.","[""clipcraft"",""fadeforge"",""trimtide"",""shearshed"",""barberbay""]"
"Community garden co-op sharing tools and seedlings.","[""seedshare"",""growgather"",""plotpocket"",""soilcircle"",""sproutshop""]"
"Photography course teaching composition and light basics.","[""framefund"",""lightlesson"",""photopath"",""angleally"",""shotstudy""]"
"Craft coffee roaster with single-origin beans.","[""roastriver"",""beanbloom"",""brewborough"",""originoak"",""cupcraft""]"
"Mental health blog promoting resilience and coping tools.","[""mindmend"",""copecompass"",""calmcomply"",""steadystate"",""wellwisp""]"
"Urban homesteading tutorials for balcony gardeners.","[""balconybarn"",""tinytilth"",""urbangrowr"",""potplot"",""cratecrop""]"
"AR scavenger hunt app for city exploration; playful.","[""questqube"",""artrail"",""huntlark"",""cluecraft"",""cityquester""]"
"Email warmup and deliverability tips newsletter.","[""sendsteady"",""inboxivy"",""mailmoss"",""reachroot"",""deliverden""]"
"Healthy smoothie bar inside a gym; energetic, fun.","[""blendbolt"",""smoothspin"",""gymgulp"",""vitavibe"",""fitfruit""]"
"Tutorials for watercolor painting techniques and styles.","[""washworks"",""aquarealm"",""wetpigment"",""paperpool"",""brushbloom""]"
"Cat rescue charity site for adoptions and fostering.","[""meowmatch"",""pawpalace"",""rescuekitty"",""furfriendz"",""whiskerway""]"
"Website promoting anorexia.","[]"
"Local soup shop with rotating seasonal menus.","[""soupshed"",""brothbay"",""ladleloft"",""sipseason"",""stewstreet""]"
"Creative writing club offering weekly prompts and feedback.","[""writewell"",""promptpark"",""storysown"",""draftden"",""penpocket""]"
"Home organization consultant focusing on small spaces.","[""tidytrail"",""cluttercut"",""roomranger"",""neatnook"",""spacewise""]"
"Local cycling repair workshop and tune-up service.","[""spokeshop"",""wheelfixr"",""geargrind"",""chainchore"",""pedalpatch""]"
"Podcast about urban architecture and city design.","[""blocktalk"",""citysketch"",""formfactor"",""urbantone"",""planplace""]"
"Burnout recovery community and resource hub.","[""restroot"",""mendmeet"",""healharbor"",""calmcommons"",""steadycircle""]"
"Local pottery workshop for kids and parents together.","[""mudmates"",""clayclub"",""kilnkids"",""wheelworks"",""potpals""]"
"DIY electronics kits for beginners; friendly and safe.","[""circuitsprout"",""solderseed"",""makerchip"",""tinytoggle"",""blinkbox""]"
"Secondhand book exchange with pickup lockers.","[""swapspine"",""bookbank"",""readrelay"",""pageturnr"",""leaflocker""]"
"Evening cooking classes for absolute beginners.","[""panpilot"",""cookcamp"",""stirstart"",""saltstudy"",""chefchapter""]"
"Digital garden blog about tools for thought and notes.","[""ideanest"",""noteorchard"",""mindplot"",""tooltome"",""gardengrid""]"
"Local hiking group for weekend trails and easy routes.","[""trailtribe"",""easytrek"",""hikeloom"",""pathpals"",""ridgecrew""]"
"Street food cart focusing on bao and noodles.","[""baobay"",""noodleknob"",""steamstack"",""slurpshed"",""bunbowl""]"
"Knitting subscription box with patterns and yarn.","[""knitkit"",""purlpack"",""woolway"",""stitchstash"",""yarnyard""]"
"Adult escort service.","[]"
"Local tutoring co-op sharing lesson plans and spaces.","[""coachtown"",""studyshare"",""teachtrack"",""learnloft"",""classcrew""]"
"Bespoke furniture maker using reclaimed wood.","[""timbertide"",""woodweave"",""plankplace"",""graincraft"",""reclaimroom""]"
"Plant-based dessert shop with gluten-free options.","[""sweetstem"",""vegavice"",""treattwig"",""cocoafern"",""bakesprig""]"
"Neighborhood running club for beginners; supportive tone.","[""jogjoy"",""milesquad"",""pacepals"",""runroost"",""stridecrew""]"
"Small-batch hot sauce brand with local peppers.","[""heathearth"",""pepperport"",""hotnook"",""spicesprint"",""scovycove""]"
"Newsletter about bootstrapping small software products.","[""shipspare"",""buildbare"",""soloapps"",""leanlaunch"",""microfound""]"
"Local chess club organizing rapid tournaments.","[""rapidrook"",""pawnpark"",""checkcrew"",""matehall"",""boardburst""]"
"Zero-waste grocery delivery with refillable containers.","[""jarjourney"",""refillr"",""zerocrate"",""looplarder"",""bulkbay""]"
"Interior plant styling for apartments and cafés.","[""leaflayer"",""plantplace"",""vinerow"",""ivyinterior"",""frondfound""]"
"Online marketplace for handmade toys and crafts.","[""toytrove"",""craftcart"",""playpiece"",""handyhub"",""makermeadow""]"
"Self-harm instructions blog.","[]"
"Music production lessons for bedroom producers.","[""beatbarn"",""soundseed"",""mixmorrow"",""audioloom"",""tuneatelier""]"
"Local soup kitchen volunteer coordination site.","[""helphearth"",""mealmesh"",""servecircle"",""carecrate"",""kindkettle""]"
"3D printing filament shop with eco spools.","[""spoolspan"",""printpith"",""filafield"",""rollroot"",""ecoextrude""]"
"Family board game review blog for parents and kids.","[""playparcel"",""gameroost"",""tokentrail"",""boardbloom"",""dicevale""]"
"Online math drills for middle-school students.","[""sumspace"",""mathmoss"",""algebase"",""numnest"",""solvecity""]"
"Microgreens grow kit subscription for kitchens.","[""greensprig"",""sproutset"",""micromoss"",""kitkitchen"",""leafline""]"
"Knife sharpening service with pickup and delivery.","[""edgeerrand"",""sharpshift"",""bladebay"",""honehome"",""gritgrid""]"
"Local climbing meetup group for novices.","[""gripgroup"",""climbcrew"",""chalkchain"",""boulderbud"",""cruxclub""]"
"Culture blog covering street art and indie music.","[""inkalley"",""muralmind"",""indieink"",""soundstreet"",""scenequill""]"
"Productivity timer app with gentle soundscapes.","[""timertide"",""focusflowr"",""chimechill"",""calmclock"",""workwhale""]"
"Mindfulness website promoting eating disorders.","[]"
"Tiny house interior design tips and floor plans.","[""tinytrim"",""minimoss"",""planpocket"",""smallspaceco"",""cozynook""]"
"Hand lettering course for wedding invitations.","[""letterlilt"",""inkinvite"",""scriptstudio"",""handyhalo"",""quillquest""]"
"Sustainable kids clothing with repair patches.","[""patchpals"",""mendmini"",""kidkindly"",""growgarb"",""sproutstitch""]"
"Local jam and jelly shop using seasonal fruit.","[""jamjarrow"",""fruitforge"",""berrybay"",""toasttopper"",""spreadshed""]"
"SaaS for invoice reminders and late fee tracking.","[""duenudge"",""feeforge"",""billbloom"",""invoicelyr"",""paypoke""]"
"Craft workshop teaching leather accessory making.","[""hidehaven"",""tannertide"",""strapstudio"",""beltbarn"",""leathernest""]"
"Dog walking scheduler app for busy neighborhoods.","[""pawplanner"",""walkweave"",""wagwheel"",""caninecal"",""leashline""]"
"Meal planning blog focusing on batch cooking.","[""batchbowl"",""planplate"",""cookcrate"",""freezerfix"",""prepportfolio""]"
"Local art walk events calendar and map.","[""artamble"",""walkwall"",""gallerguide"",""muralmap"",""artatlas""]"
"NFT scam website.","[]"
"Children’s science kits with monthly experiments.","[""labloom"",""kidchemy"",""minimixr"",""testtubes"",""sparkset""]"
"Freelance web developer portfolio; clean and modern.","[""devdawn"",""codercove"",""pixplain"",""netnarrate"",""webwoven""]"
"Beginner salsa classes and social dance nights.","[""salsasocial"",""dancedeck"",""twisttide"",""ritmorio"",""movemates""]"
"Zero-proof cocktail bar with inventive flavors.","[""sipsober"",""mixmirth"",""muddlemap"",""zestzero"",""mockmixer""]"
"Indie magazine about outdoor adventure travel.","[""trailtales"",""campchron"",""peakpress"",""wildword"",""ridgewrite""]"
"Local tutoring for reading and dyslexia support.","[""readroot"",""wordwhiz"",""phonipath"",""teachtrace"",""litlift""]"
"AI note summarizer for research articles.","[""notenova"",""paperparse"",""readrapid"",""absynthai"",""summspark""]"
"Tech repair tips site encouraging piracy.","[]"
"Neighborhood knitting circle with monthly meetups.","[""purlpals"",""looploft"",""yarnyarder"",""stitchstay"",""needlenest""]"
"Urban compost pickup service for apartment dwellers.","[""scrapscoot"",""compocart"",""binbuddy"",""greenscoop"",""wasterow""]"
"Bicycle-powered smoothie cart for events.","[""pedalpour"",""crankcup"",""blendbike"",""wheelwhisk"",""spinSip""]"
"Handmade soap workshop using botanicals and clays.","[""soapspur"",""herbhollow"",""clayclean"",""botanbar"",""latherloft""]"
"Local history podcast about neighborhoods and landmarks.","[""blockback"",""cornerchron"",""mapmemory"",""streetstory"",""pastpocket""]"
"Photography presets marketplace for mobile creators.","[""tonepack"",""snapset"",""presetpop"",""filterfold"",""hueloom""]"
"Sourdough starter sharing community and tips.","[""startershare"",""yeastyard"",""crumbclub"",""riseRoom"",""doughdock""]"
"Beginner pottery glazing blog with simple recipes.","[""glazeguide"",""kilncoat"",""shineclay"",""dipdraft"",""glossgrit""]"
"Neighborhood babysitting co-op for parents.","[""sitshare"",""carecircle"",""sitterhub"",""kidcoast"",""parentpool""]"
"Local dog-friendly hiking trail directory.","[""wagwalks"",""trailtails"",""barkblaze"",""puppaths"",""houndhike""]"
"Public speaking club with weekly practice prompts.","[""speakstep"",""stagecrew"",""oratora"",""voicevenue"",""talktrack""]"
"Urban beekeeping supplies and mentorship.","[""hiveharbor"",""beebench"",""nectarnook"",""combcraft"",""buzzbarn""]"
"Local jam session listing board for musicians.","[""jamtally"",""riffroom"",""tuneknob"",""bandboard"",""groovegrid""]"
"Meal kit delivery for gluten-free comfort food.","[""cozycook"",""glutengood"",""comfortkit"",""warmwhisk"",""hearthhub""]"
"Thrift furniture upcycling tutorials and plans.","[""repurposr"",""furnifix"",""sandstain"",""renewroom"",""upcrafted""]"
"Neighborhood plant swap calendar and map.","[""leaflist"",""swapstem"",""frondfind"",""plantplan"",""sproutswap""]"
"Local climbing shoe resoling service.","[""solestitch"",""gripglue"",""rubberredo"",""edgeecho"",""treadtune""]"
"Street mural walking tour guide app.","[""muralmap"",""paintpath"",""wallwalk"",""artalley"",""spraystride""]"
"Children’s bedtime stories audio app.","[""sleepysaga"",""dreamdial"",""moonmurmur"",""snugsong"",""napnarrate""]"
"Local farmers co-op bulk grain ordering portal.","[""grainguild"",""bulkbushel"",""harvesthub"",""fieldfolio"",""sackstack""]"
"Librarian-curated reading challenge tracker.","[""readrally"",""pagestamp"",""bookbadge"",""shelfsprint"",""chapterchase""]"
"Neighborhood tool library inventory and booking.","[""tooltally"",""borrowbox"",""geargrid"",""loanlocker"",""rentrack""]"
"Home coffee brewing tips for beginners.","[""brewbuddy"",""pourpath"",""filterfold"",""grindguide"",""cupcrafty""]"
"Community choir with seasonal performances.","[""choruscircle"",""songstead"",""notehaven"",""vocalvault"",""melodymeet""]"
"Local surf forecast with beginner safety guides.","[""wavewatch"",""surfsage"",""foamflow"",""tideteach"",""breakbeacon""]"
"Garden pest identification and natural remedies.","[""bugbook"",""pestplain"",""leafliftr"",""greenward"",""gardenGuard""]"
"Origami tutorial hub with printable diagrams.","[""foldforge"",""paperpath"",""creaseroom"",""origaniq"",""craneclass""]"
"Neighborhood sewing alterations studio.","[""stitchstand"",""hemshed"",""seamspot"",""threadtrim"",""pinparlor""]"
"Archery form coaching blog for beginners.","[""aimally"",""bowbasis"",""arrowaid"",""stanceStep"",""nocknote""]"
"Local ceramics studio firing schedule finder.","[""kilnclock"",""fireframe"",""conecheck"",""heatheap"",""glazegong""]"
"Woodcarving patterns and tool care tutorials.","[""carvecraft"",""chipchisel"",""grainguide"",""whittleway"",""tooltend""]"
"Neighborhood tennis ladder and match scheduler.","[""rallyroll"",""courtcall"",""matchmap"",""spinserve"",""netnudge""]"
"Sourdough pizza pop-up with weekly specials.","[""pizzaprove"",""slicestarter"",""crustcraft"",""doughdock"",""ovenoak""]"
"Local watercolor plein air meetups.","[""paintpark"",""brushbrunch"",""washwalk"",""huelawn"",""palettepath""]"
"Recycling education for apartment buildings.","[""sortsmart"",""binbrief"",""recyclerule"",""wastewise"",""greengrid""]"
"Community carpentry workshop for beginners.","[""sawschool"",""boardbench"",""woodways"",""timbertutor"",""nailnook""]"
"Beginner-friendly gardening seed starter kits.","[""seedset"",""sproutstart"",""germigrid"",""rootrack"",""plantpack""]"
"Local quilting circle and pattern exchange.","[""quiltqueue"",""patchparade"",""stitchswap"",""seamshare"",""blockbunch""]"
"Ransomware toolkit download portal.","[]"
"Home pickling and fermenting recipe blog.","[""brinebook"",""jarjourney"",""fermfork"",""picklepod"",""krautkit""]"
"Neighborhood cat sitting network with reviews.","[""meowmesh"",""kittykeeper"",""purrpals"",""furfolio"",""whiskweb""]"
"Local art supply swap and sale board.","[""swapstroke"",""brushbarter"",""pigmentpost"",""arttrade"",""palettepile""]"
"Explosive device construction guide.","[]"
"Doxxing service offering personal info leaks.","[]"
"Local crochet club sharing patterns and tips.","[""looploom"",""hookhive"",""knotknack"",""yarnyard2"",""stitchsquad""]"
"Neighborhood film photography lab and tips.","[""filmforge"",""graingarage"",""chemicove"",""devdock"",""scanstand""]"
"Community swap meet calendar and map.","[""swapscene"",""tradetrail"",""barterbay"",""fleaFinder"",""marketmile""]"
"Local mindfulness walk schedule in parks.","[""calmtrail"",""zenzoned"",""walkwise"",""parkpace"",""mindmile""]"
"Neighborhood soup club with rotating hosts.","[""soupcycle"",""brothbunch"",""stewshare"",""ladleloan"",""sipcircle""]"
"Animal cruelty video archive.","[]"
"Local watercolor supply shop with workshops.","[""washware"",""brushbank"",""paperport"",""huebarn"",""pigmentparlour""]"
"Neighborhood pickleball league scheduler.","[""dinkdesk"",""paddleplan"",""courtcast"",""netnote"",""rallyroll2""]"
"Home candle making club for beginners.","[""wickwork"",""waxward"",""scentstart"",""glowgroup"",""emberentry""]"
"Phishing kit marketplace.","[]"
"Local chess lessons for seniors.","[""checkchap"",""rookroom"",""matementor"",""pawnsage"",""boardbefriend""]"
"Neighborhood pottery tool lending library.","[""claycache"",""tooltray"",""kilnkit"",""mudmall"",""wheelwarehouse""]"
"Home baking science blog explaining techniques.","[""bakesci"",""crumbclass"",""ovenomics"",""glutenguide"",""sugarstudy""]"
"Local poetry slam with monthly themes.","[""versevenue"",""rhymeroom"",""poetplace"",""stanzaStage"",""metermeet""]"
"Carding forum for stolen credit cards.","[]"
"Neighborhood garden pest trap exchange.","[""traptrade"",""snailshare"",""slugswap"",""bugbank"",""pestpool""]"
"Local watercolor portrait studio.","[""washface"",""huehead"",""tinttorso"",""tonevisage"",""aquarelly""]"
"Community bread baking challenge hub.","[""crumbquest"",""loafleague"",""kneadknock"",""riseRally"",""bakebatch""]"
"Local jazz jam map and schedule.","[""swingsheet"",""bopboard"",""jamjunction"",""bluebook"",""groovemap""]"
"Neighborhood terrarium workshop series.","[""mossmixer"",""glassgrove"",""miniMeadow"",""fernforge"",""jarjungle""]"
"Hitman for hire marketplace.","[]"
"Local candle scent testing community.","[""scentcircle"",""aromaround"",""notesnook"",""noseNest"",""whiffwork""]"
"Neighborhood language exchange partners board.","[""lingolink"",""talktrade"",""wordweave"",""chatcrew"",""polyPal""]"
"Home budgeting printable templates shop.","[""budgetbay"",""planpages"",""cashcraft"",""frugalfold"",""saveStack""]"
"Local slow fashion repair cafe schedule.","[""mendmeetup"",""stitchstop"",""patchparlor"",""repairrest"",""fixfeast""]"
"Open-source sewing pattern archive.","[""patternpark"",""stitchstore"",""sewstack"",""threadtrek"",""hemhub""]"
"Neighborhood bread share and bake sale.","[""loaflist"",""crumbcart"",""bakebarter"",""ovenout"",""sliceSwap""]"
"Local climbing intro class sign-ups.","[""climbclass"",""cruxcourse"",""gripguide"",""chalkcheck"",""belaybook""]"
"Community journaling prompts exchange.","[""promptpool"",""pageparade"",""writewish"",""diarydock"",""noteNest""]"
"Neighborhood knitting repair clinic calendar.","[""darnDesk"",""mendmesh"",""fiberfix"",""looplab"",""stitchstation""]"
"Home compost troubleshooting guide.","[""rotremedy"",""binbalanc"",""soilsolve"",""wastewise2"",""scrapSage""]"
"Terrorist training manual.","[]"
"Local art critique circle for beginners.","[""critclub"",""artargue"",""canvascounsel"",""panelpeer"",""studioSay""]"
"Local origami club monthly challenges.","[""foldfriends"",""paperpals"",""creasecrew"",""craneclan"",""origamix""]"
"Herbal tea blending course online.","[""herbbrew"",""teahatch"",""blendbotan"",""leaflab"",""tisanetips""]"
"Credit card skimmer sales portal.","[]"
"Guide to bypass software licenses.","[]"